Images/1000268201_693b08cb0e.jpg	A child in a pink dress is climbing up a set of stairs in an entry way .
Images/1000268201_693b08cb0e.jpg	A girl going into a wooden building .
Images/1000268201_693b08cb0e.jpg	A little girl climbing into a wooden playhouse .
Images/1000268201_693b08cb0e.jpg	A little girl climbing the stairs to her playhouse .
Images/1000268201_693b08cb0e.jpg	A little girl in a pink dress going into a wooden playhouse .
Images/1001773457_577c3a7d70.jpg	A black dog and a spotted dog are fighting
Images/1001773457_577c3a7d70.jpg	A black dog and a tri-colored dog are fighting
Images/1001773457_577c3a7d70.jpg	A black dog and a white dog with black spots are fighting
Images/1001773457_577c3a7d70.jpg	Two dogs of different breeds are fighting each other
Images/1001773457_577c3a7d70.jpg	Two dogs are fighting
Images/1002674143_8b028ac6c0.jpg	A man in a blue shirt and black pants is at the beach
Images/1002674143_8b028ac6c0.jpg	A man in a blue shirt and black pants is standing on the beach
Images/1002674143_8b028ac6c0.jpg	A man in a blue shirt and black pants is standing on the sand
Images/1002674143_8b028ac6c0.jpg	A man in a blue shirt and black pants is standing on the shore
Images/1002674143_8b028ac6c0.jpg	A man in a blue shirt and black pants is standing on the water
Images/1003163366_421d9b0f7d.jpg	A man in a blue shirt and black pants is at the beach
Images/1003163366_421d9b0f7d.jpg	A man in a blue shirt and black pants is standing on the beach
Images/1003163366_421d9b0f7d.jpg	A man in a blue shirt and black pants is standing on the sand
Images/1003163366_421d9b0f7d.jpg	A man in a blue shirt and black pants is standing on the shore
Images/1003163366_421d9b0f7d.jpg	A man in a blue shirt and black pants is standing on the water
Images/1007129816_e794419615.jpg	A man in a blue shirt and black pants is at the beach
Images/1007129816_e794419615.jpg	A man in a blue shirt and black pants is standing on the beach
Images/1007129816_e794419615.jpg	A man in a blue shirt and black pants is standing on the sand
Images/1007129816_e794419615.jpg	A man in a blue shirt and black pants is standing on the shore
Images/1007129816_e794419615.jpg	A man in a blue shirt and black pants is standing on the water
Images/1007302403_577c3a7d70.jpg	A black dog and a spotted dog are fighting
Images/1007302403_577c3a7d70.jpg	A black dog and a tri-colored dog are fighting
Images/1007302403_577c3a7d70.jpg	A black dog and a white dog with black spots are fighting
Images/1007302403_577c3a7d70.jpg	Two dogs of different breeds are fighting each other
Images/1007302403_577c3a7d70.jpg	Two dogs are fighting
Images/1007320043_a2741f66cc.jpg	A child in a pink dress is climbing up a set of stairs in an entry way .
Images/1007320043_a2741f66cc.jpg	A girl going into a wooden building .
Images/1007320043_a2741f66cc.jpg	A little girl climbing into a wooden playhouse .
Images/1007320043_a2741f66cc.jpg	A little girl climbing the stairs to her playhouse .
Images/1007320043_a2741f66cc.jpg	A little girl in a pink dress going into a wooden playhouse .
Images/1007595762_577c3a7d70.jpg	A black dog and a spotted dog are fighting
Images/1007595762_577c3a7d70.jpg	A black dog and a tri-colored dog are fighting
Images/1007595762_577c3a7d70.jpg	A black dog and a white dog with black spots are fighting
Images/1007595762_577c3a7d70.jpg	Two dogs of different breeds are fighting each other
Images/1007595762_577c3a7d70.jpg	Two dogs are fighting
Images/1007595762_577c3a7d70.jpg	A child in a pink dress is climbing up a set of stairs in an entry way .
Images/1007595762_577c3a7d70.jpg	A girl going into a wooden building .
Images/1007595762_577c3a7d70.jpg	A little girl climbing into a wooden playhouse .
Images/1007595762_577c3a7d70.jpg	A little girl climbing the stairs to her playhouse .
Images/1007595762_577c3a7d70.jpg	A little girl in a pink dress going into a wooden playhouse .
